{"cameraMode":{"drawMode":0,"name":"Shaded","section":"Shading Mode"},"sceneLighting":true,"audioPlay":false,"sceneViewState":{"showFog":true,"showMaterialUpdate":false,"showSkybox":true,"showFlares":true,"showImageEffects":true,"showParticleSystems":true},"in2DMode":false,"pivot":{"x":0.06777381896972656,"y":0.6224508285522461,"z":2.1712114810943605},"rotation":{"x":0.011684474535286427,"y":-0.9783552885055542,"z":0.05760246515274048,"w":0.198430135846138},"size":71.55412292480469,"orthographic":false}